dataset,classifier,revealed_pct,train_size,test_size,num_classes,type,num_dim,balanced,length,harmonic_mean
AtrialFibrillation,PForest,20,15,15,3,ECG,2,True,640,0.7090909090958677
AtrialFibrillation,PForest,100,15,15,3,ECG,2,True,640,0.19999999997599993
AtrialFibrillation,PForest,30,15,15,3,ECG,2,True,640,0.5636363636363637
AtrialFibrillation,PForest,10,15,15,3,ECG,2,True,640,0.8285714285714285
AtrialFibrillation,TSF,10,15,15,3,ECG,2,True,640,0.8222222222222222
AtrialFibrillation,TSF,100,15,15,3,ECG,2,True,640,0.1538461538683431
AtrialFibrillation,TSF,20,15,15,3,ECG,2,True,640,0.692307692304142
AtrialFibrillation,TSF,30,15,15,3,ECG,2,True,640,0.5459459459498905
AtrialFibrillation,CBoss,20,15,15,3,ECG,2,True,640,0.6749999999976563
AtrialFibrillation,CBoss,100,15,15,3,ECG,2,True,640,0.11111111111111105
AtrialFibrillation,CBoss,30,15,15,3,ECG,2,True,640,0.574193548392716
AtrialFibrillation,CBoss,10,15,15,3,ECG,2,True,640,0.8222222222222222
AtrialFibrillation,WEASEL,20,15,15,3,ECG,2,True,640,0.692307692304142
AtrialFibrillation,WEASEL,100,15,15,3,ECG,2,True,640,0.1538461538683431
AtrialFibrillation,WEASEL,10,15,15,3,ECG,2,True,640,0.8315789473700831
AtrialFibrillation,WEASEL,30,15,15,3,ECG,2,True,640,0.574193548392716
AtrialFibrillation,ST,20,15,15,3,ECG,2,True,640,0.6749999999976563
AtrialFibrillation,ST,100,15,15,3,ECG,2,True,640,0.2500000000000001
AtrialFibrillation,ST,30,15,15,3,ECG,2,True,640,0.61600000000864
AtrialFibrillation,ST,10,15,15,3,ECG,2,True,640,0.8315789473700831
Beef,TSF,20,30,30,5,SPECTRO,1,True,470,0.76
Beef,TSF,30,30,30,5,SPECTRO,1,True,470,0.7176470588048444
Beef,TSF,100,30,30,5,SPECTRO,1,True,470,0.5384615384615385
Beef,TSF,10,30,30,5,SPECTRO,1,True,470,0.85
Beef,ST,20,30,30,5,SPECTRO,1,True,470,0.69600000000384
Beef,ST,30,30,30,5,SPECTRO,1,True,470,0.61600000000864
Beef,ST,100,30,30,5,SPECTRO,1,True,470,0.6666666666666667
Beef,ST,10,30,30,5,SPECTRO,1,True,470,0.8222222222222222
Beef,WEASEL,100,30,30,5,SPECTRO,1,True,470,0.6666666666666667
Beef,CBoss,30,30,30,5,SPECTRO,1,True,470,0.6347826086854442
Beef,CBoss,10,30,30,5,SPECTRO,1,True,470,0.82400000000096
Beef,CBoss,100,30,30,5,SPECTRO,1,True,470,0.6666666666666667
Beef,CBoss,20,30,30,5,SPECTRO,1,True,470,0.6799999999999999
Beef,PForest,10,30,30,5,SPECTRO,1,True,470,0.8230769230760355
Beef,PForest,100,30,30,5,SPECTRO,1,True,470,0.17647058823529416
Beef,PForest,30,30,30,5,SPECTRO,1,True,470,0.5542857142813061
Beef,PForest,20,30,30,5,SPECTRO,1,True,470,0.6827586206868015
Beef,WEASEL,10,30,30,5,SPECTRO,1,True,470,0.8206896551717003
Beef,WEASEL,30,30,30,5,SPECTRO,1,True,470,0.6
Beef,WEASEL,20,30,30,5,SPECTRO,1,True,470,0.6827586206868015
Car,TSF,30,60,60,4,SENSOR,1,True,577,0.676923076923077
Car,TSF,20,60,60,4,SENSOR,1,True,577,0.7548387096674297
Car,TSF,10,60,60,4,SENSOR,1,True,577,0.84
Car,TSF,100,60,60,4,SENSOR,1,True,577,0.5584415584820375
Car,ST,100,60,60,4,SENSOR,1,True,577,0.6901408451180322
Car,ST,10,60,60,4,SENSOR,1,True,577,0.8260869565206049
Car,ST,30,60,60,4,SENSOR,1,True,577,0.6511627906859925
Car,ST,20,60,60,4,SENSOR,1,True,577,0.7066666666666666
Car,WEASEL,30,60,60,4,SENSOR,1,True,577,0.5830508474638323
Car,WEASEL,20,60,60,4,SENSOR,1,True,577,0.6905660377392666
Car,WEASEL,100,60,60,4,SENSOR,1,True,577,0.7647058824048443
Car,WEASEL,10,60,60,4,SENSOR,1,True,577,0.8255319148947035
Car,CBoss,30,60,60,4,SENSOR,1,True,577,0.6076923076843196
Car,CBoss,10,60,60,4,SENSOR,1,True,577,0.8255319148947035
Car,CBoss,20,60,60,4,SENSOR,1,True,577,0.6905660377392666
Car,CBoss,100,60,60,4,SENSOR,1,True,577,0.7142857142367347
Car,PForest,20,60,60,4,SENSOR,1,True,577,0.6888888888888889
Car,PForest,10,60,60,4,SENSOR,1,True,577,0.8315789473700831
Car,PForest,30,60,60,4,SENSOR,1,True,577,0.5800000000000001
Car,PForest,100,60,60,4,SENSOR,1,True,577,0.31868131865233673
Chinatown,PForest,30,20,345,2,Traffic,1,True,24,0.9613173026036468
Chinatown,PForest,20,20,345,2,Traffic,1,True,24,0.6532618409366329
Chinatown,PForest,100,20,345,2,Traffic,1,True,24,0.9488636362789272
Chinatown,PForest,10,20,345,2,Traffic,1,True,24,0.797395517867704
Chinatown,ST,10,20,345,2,Traffic,1,True,24,0.7991751269011143
Chinatown,ST,30,20,345,2,Traffic,1,True,24,0.6990323032831676
Chinatown,ST,100,20,345,2,Traffic,1,True,24,0.9433427761103773
Chinatown,ST,20,20,345,2,Traffic,1,True,24,0.7385257301963324
Chinatown,WEASEL,100,20,345,2,Traffic,1,True,24,0.9002770083297258
Chinatown,WEASEL,30,20,345,2,Traffic,1,True,24,0.5098294804529727
Chinatown,WEASEL,10,20,345,2,Traffic,1,True,24,0.7940446650110342
Chinatown,WEASEL,20,20,345,2,Traffic,1,True,24,0.6280806572023943
Chinatown,CBoss,100,20,345,2,Traffic,1,True,24,0.905555555584139
Chinatown,CBoss,20,20,345,2,Traffic,1,True,24,0.6969001148247593
Chinatown,CBoss,30,20,345,2,Traffic,1,True,24,0.6851206373861478
Chinatown,CBoss,10,20,345,2,Traffic,1,True,24,0.7940446650110342
Chinatown,TSF,10,20,345,2,Traffic,1,True,24,0.9423929099376883
Chinatown,TSF,30,20,345,2,Traffic,1,True,24,0.966593935691767
Chinatown,TSF,100,20,345,2,Traffic,1,True,24,0.932394366272846
Chinatown,TSF,20,20,345,2,Traffic,1,True,24,0.9724517905893572
Coffee,TSF,100,28,28,2,SPECTRO,1,True,286,1.0
Coffee,TSF,10,28,28,2,SPECTRO,1,True,286,0.8965517241579073
Coffee,TSF,20,28,28,2,SPECTRO,1,True,286,0.8333333333041667
Coffee,TSF,30,28,28,2,SPECTRO,1,True,286,0.7761194029626197
Coffee,ST,20,28,28,2,SPECTRO,1,True,286,0.8333333333041667
Coffee,ST,100,28,28,2,SPECTRO,1,True,286,0.8666666667164445
Coffee,ST,10,28,28,2,SPECTRO,1,True,286,0.8518518518537723
Coffee,ST,30,28,28,2,SPECTRO,1,True,286,0.9361702127887732
Coffee,PForest,10,28,28,2,SPECTRO,1,True,286,0.8437500000041016
Coffee,PForest,100,28,28,2,SPECTRO,1,True,286,1.0
Coffee,PForest,30,28,28,2,SPECTRO,1,True,286,0.7073170731782272
Coffee,PForest,20,28,28,2,SPECTRO,1,True,286,0.7272727272669421
Coffee,WEASEL,20,28,28,2,SPECTRO,1,True,286,0.8947368421362882
Coffee,WEASEL,10,28,28,2,SPECTRO,1,True,286,0.8354430379737863
Coffee,WEASEL,30,28,28,2,SPECTRO,1,True,286,0.6739130434961248
Coffee,WEASEL,100,28,28,2,SPECTRO,1,True,286,1.0
Coffee,CBoss,30,28,28,2,SPECTRO,1,True,286,0.9361702127887732
Coffee,CBoss,20,28,28,2,SPECTRO,1,True,286,0.9393939394145087
Coffee,CBoss,100,28,28,2,SPECTRO,1,True,286,1.0
Coffee,CBoss,10,28,28,2,SPECTRO,1,True,286,0.8354430379737863
Computers,TSF,30,250,250,2,DEVICE,1,True,720,0.7061224489795919
Computers,TSF,20,250,250,2,DEVICE,1,True,720,0.7612903225806451
Computers,TSF,100,250,250,2,DEVICE,1,True,720,0.5527950310559006
Computers,TSF,10,250,250,2,DEVICE,1,True,720,0.8495049504950495
Computers,CBoss,10,250,250,2,DEVICE,1,True,720,0.8458715596330275
Computers,CBoss,20,250,250,2,DEVICE,1,True,720,0.7550387596899225
Computers,CBoss,100,250,250,2,DEVICE,1,True,720,0.5290519877675841
Computers,CBoss,30,250,250,2,DEVICE,1,True,720,0.6884615384615385
Computers,ST,30,250,250,2,DEVICE,1,True,720,0.6777777777777778
Computers,ST,10,250,250,2,DEVICE,1,True,720,0.840650406504065
Computers,ST,20,250,250,2,DEVICE,1,True,720,0.7379310344827585
Computers,ST,100,250,250,2,DEVICE,1,True,720,0.524390243902439
Computers,WEASEL,20,250,250,2,DEVICE,1,True,720,0.7492537313432837
Computers,WEASEL,100,250,250,2,DEVICE,1,True,720,0.5625
Computers,WEASEL,30,250,250,2,DEVICE,1,True,720,0.702013422818792
Computers,WEASEL,10,250,250,2,DEVICE,1,True,720,0.8326797385620914
Computers,PForest,30,250,250,2,DEVICE,1,True,720,0.6307692307692307
Computers,PForest,10,250,250,2,DEVICE,1,True,720,0.8381679389312977
Computers,PForest,20,250,250,2,DEVICE,1,True,720,0.719047619047619
Computers,PForest,100,250,250,2,DEVICE,1,True,720,0.4367816091954022
ECG200,TSF,100,100,100,2,ECG,1,False,96,0.7391304347826086
ECG200,TSF,10,100,100,2,ECG,1,False,96,0.8714285714285714
ECG200,TSF,20,100,100,2,ECG,1,False,96,0.8352941176470587
ECG200,TSF,30,100,100,2,ECG,1,False,96,0.8269767441860465
ECG200,ST,20,100,100,2,ECG,1,False,96,0.8051282051282052
ECG200,ST,10,100,100,2,ECG,1,False,96,0.8434782608695652
ECG200,ST,100,100,100,2,ECG,1,False,96,0.7543859649122807
ECG200,ST,30,100,100,2,ECG,1,False,96,0.735925925925926
ECG200,CBoss,30,100,100,2,ECG,1,False,96,0.5844680851063829
ECG200,CBoss,100,100,100,2,ECG,1,False,96,0.7094017094017095
ECG200,WEASEL,10,100,100,2,ECG,1,False,96,0.8384615384615384
ECG200,WEASEL,100,100,100,2,ECG,1,False,96,0.7391304347826086
ECG200,WEASEL,30,100,100,2,ECG,1,False,96,0.5984090909090909
ECG200,WEASEL,20,100,100,2,ECG,1,False,96,0.7066666666666666
ECG200,CBoss,10,100,100,2,ECG,1,False,96,0.8273972602739725
ECG200,CBoss,20,100,100,2,ECG,1,False,96,0.6987654320987655
ECG200,PForest,10,100,100,2,ECG,1,False,96,0.8444444444444444
ECG200,PForest,30,100,100,2,ECG,1,False,96,0.6143902439024391
ECG200,PForest,100,100,100,2,ECG,1,False,96,0.8181818181818182
ECG200,PForest,20,100,100,2,ECG,1,False,96,0.786046511627907
ECG5000,TSF,30,500,4500,5,ECG,1,False,140,0.8695652174321362
ECG5000,TSF,10,500,4500,5,ECG,1,False,140,0.9149425287356322
ECG5000,TSF,20,500,4500,5,ECG,1,False,140,0.8889245585758858
ECG5000,TSF,100,500,4500,5,ECG,1,False,140,0.8804847471006902
ECG5000,ST,10,500,4500,5,ECG,1,False,140,0.8596026489987281
ECG5000,ST,100,500,4500,5,ECG,1,False,140,0.8848167539464379
ECG5000,ST,30,500,4500,5,ECG,1,False,140,0.8636519748405067
ECG5000,ST,20,500,4500,5,ECG,1,False,140,0.8515723270440252
ECG5000,CBoss,10,500,4500,5,ECG,1,False,140,0.8268016676601191
ECG5000,CBoss,20,500,4500,5,ECG,1,False,140,0.736260408783805
ECG5000,CBoss,100,500,4500,5,ECG,1,False,140,0.8899622007956733
ECG5000,CBoss,30,500,4500,5,ECG,1,False,140,0.782616910758868
ECG5000,WEASEL,100,500,4500,5,ECG,1,False,140,0.8871880897067062
ECG5000,WEASEL,20,500,4500,5,ECG,1,False,140,0.8044293015506327
ECG5000,WEASEL,30,500,4500,5,ECG,1,False,140,0.7299389001767871
ECG5000,WEASEL,10,500,4500,5,ECG,1,False,140,0.8377516778507654
ECG5000,PForest,10,500,4500,5,ECG,1,False,140,0.8392156862745097
ECG5000,PForest,30,500,4500,5,ECG,1,False,140,0.6513186472308817
ECG5000,PForest,100,500,4500,5,ECG,1,False,140,0.43632301313234356
ECG5000,PForest,20,500,4500,5,ECG,1,False,140,0.7301048066474503
ECGFiveDays,TSF,30,23,861,2,ECG,1,True,136,0.6551951259510504
ECGFiveDays,TSF,10,23,861,2,ECG,1,True,136,0.8404130485787038
ECGFiveDays,TSF,100,23,861,2,ECG,1,True,136,0.8536060280497344
ECGFiveDays,TSF,20,23,861,2,ECG,1,True,136,0.7358044163929951
ECGFiveDays,ST,20,23,861,2,ECG,1,True,136,0.7360726985305736
ECGFiveDays,ST,10,23,861,2,ECG,1,True,136,0.8334954289068695
ECGFiveDays,ST,30,23,861,2,ECG,1,True,136,0.6717517096179353
ECGFiveDays,ST,100,23,861,2,ECG,1,True,136,0.9976798143568775
ECGFiveDays,PForest,100,23,861,2,ECG,1,True,136,0.7411526794534424
ECGFiveDays,PForest,10,23,861,2,ECG,1,True,136,0.834780852353341
ECGFiveDays,PForest,20,23,861,2,ECG,1,True,136,0.7284595300348302
ECGFiveDays,PForest,30,23,861,2,ECG,1,True,136,0.64471814305564
ECGFiveDays,CBoss,100,23,861,2,ECG,1,True,136,1.0
ECGFiveDays,CBoss,10,23,861,2,ECG,1,True,136,0.8385148736289318
ECGFiveDays,CBoss,30,23,861,2,ECG,1,True,136,0.6258196124244317
ECGFiveDays,CBoss,20,23,861,2,ECG,1,True,136,0.7147617460904703
ECGFiveDays,WEASEL,100,23,861,2,ECG,1,True,136,0.9976798143568775
ECGFiveDays,WEASEL,20,23,861,2,ECG,1,True,136,0.7199582027175129
ECGFiveDays,WEASEL,30,23,861,2,ECG,1,True,136,0.6386878176370206
ECGFiveDays,WEASEL,10,23,861,2,ECG,1,True,136,0.8355711629803565
Earthquakes,TSF,20,322,139,2,SENSOR,1,False,512,0.7770700636750943
Earthquakes,TSF,10,322,139,2,SENSOR,1,False,512,0.8568507157385157
Earthquakes,TSF,30,322,139,2,SENSOR,1,False,512,0.7262059973635177
Earthquakes,TSF,100,322,139,2,SENSOR,1,False,512,0.5977011493628485
Earthquakes,ST,20,322,139,2,SENSOR,1,False,512,0.7770700636750943
Earthquakes,ST,30,322,139,2,SENSOR,1,False,512,0.7262059973635177
Earthquakes,ST,10,322,139,2,SENSOR,1,False,512,0.8409425625948208
Earthquakes,ST,100,322,139,2,SENSOR,1,False,512,0.47872340426790405
Earthquakes,WEASEL,100,322,139,2,SENSOR,1,False,512,0.5977011493628485
Earthquakes,WEASEL,20,322,139,2,SENSOR,1,False,512,0.7742946708294572
Earthquakes,WEASEL,30,322,139,2,SENSOR,1,False,512,0.7220077219820278
Earthquakes,WEASEL,10,322,139,2,SENSOR,1,False,512,0.8568507157385157
Earthquakes,CBoss,30,322,139,2,SENSOR,1,False,512,0.7262059973635177
Earthquakes,CBoss,20,322,139,2,SENSOR,1,False,512,0.7770700636750943
Earthquakes,CBoss,100,322,139,2,SENSOR,1,False,512,0.5977011493628485
Earthquakes,CBoss,10,322,139,2,SENSOR,1,False,512,0.8568507157385157
Earthquakes,PForest,20,322,139,2,SENSOR,1,False,512,0.7770700636750943
Earthquakes,PForest,30,322,139,2,SENSOR,1,False,512,0.7262059973635177
Earthquakes,PForest,10,322,139,2,SENSOR,1,False,512,0.8568507157385157
Earthquakes,PForest,100,322,139,2,SENSOR,1,False,512,0.6069364162453474
FreezerRegularTrain,TSF,20,150,2850,2,SENSOR,1,True,301,0.9972125434986464
FreezerRegularTrain,TSF,30,150,2850,2,SENSOR,1,True,301,0.9972060534950217
FreezerRegularTrain,TSF,10,150,2850,2,SENSOR,1,True,301,0.953225806439256
FreezerRegularTrain,TSF,100,150,2850,2,SENSOR,1,True,301,0.9826086957004462
FreezerRegularTrain,ST,100,150,2850,2,SENSOR,1,True,301,0.997896950536322
FreezerRegularTrain,ST,10,150,2850,2,SENSOR,1,True,301,0.8336680448918203
FreezerRegularTrain,ST,30,150,2850,2,SENSOR,1,True,301,0.9979020978602867
FreezerRegularTrain,ST,20,150,2850,2,SENSOR,1,True,301,0.9224893918464978
FreezerRegularTrain,WEASEL,20,150,2850,2,SENSOR,1,True,301,0.9060402684235125
FreezerRegularTrain,WEASEL,30,150,2850,2,SENSOR,1,True,301,0.7214285714285715
FreezerRegularTrain,WEASEL,100,150,2850,2,SENSOR,1,True,301,0.9607843137254901
FreezerRegularTrain,WEASEL,10,150,2850,2,SENSOR,1,True,301,0.8333333333333333
FreezerRegularTrain,CBoss,100,150,2850,2,SENSOR,1,True,301,0.9930069930662258
FreezerRegularTrain,CBoss,20,150,2850,2,SENSOR,1,True,301,0.9579277865469762
FreezerRegularTrain,CBoss,30,150,2850,2,SENSOR,1,True,301,0.9979020978602867
FreezerRegularTrain,CBoss,10,150,2850,2,SENSOR,1,True,301,0.8333333333333333
FreezerRegularTrain,PForest,10,150,2850,2,SENSOR,1,True,301,0.8510295434148494
FreezerRegularTrain,PForest,100,150,2850,2,SENSOR,1,True,301,0.856072940494904
FreezerRegularTrain,PForest,30,150,2850,2,SENSOR,1,True,301,0.8625788999306844
FreezerRegularTrain,PForest,20,150,2850,2,SENSOR,1,True,301,0.7176470588235293
FreezerSmallTrain,TSF,30,28,2850,2,SENSOR,1,True,301,0.9965116278376152
FreezerSmallTrain,TSF,20,28,2850,2,SENSOR,1,True,301,0.969529983741637
FreezerSmallTrain,TSF,10,28,2850,2,SENSOR,1,True,301,0.8935960591248271
FreezerSmallTrain,TSF,100,28,2850,2,SENSOR,1,True,301,0.7251815980838401
FreezerSmallTrain,ST,100,28,2850,2,SENSOR,1,True,301,0.999298491743253
FreezerSmallTrain,ST,30,28,2850,2,SENSOR,1,True,301,0.9972060534950217
FreezerSmallTrain,ST,10,28,2850,2,SENSOR,1,True,301,0.8326460481124898
FreezerSmallTrain,ST,20,28,2850,2,SENSOR,1,True,301,0.8893401014916321
FreezerSmallTrain,WEASEL,10,28,2850,2,SENSOR,1,True,301,0.8333333333333333
FreezerSmallTrain,WEASEL,30,28,2850,2,SENSOR,1,True,301,0.6681651855625867
FreezerSmallTrain,WEASEL,100,28,2850,2,SENSOR,1,True,301,0.923076923076923
FreezerSmallTrain,WEASEL,20,28,2850,2,SENSOR,1,True,301,0.8727272727582646
FreezerSmallTrain,CBoss,20,28,2850,2,SENSOR,1,True,301,0.9252496433411003
FreezerSmallTrain,CBoss,100,28,2850,2,SENSOR,1,True,301,0.946056674719354
FreezerSmallTrain,CBoss,30,28,2850,2,SENSOR,1,True,301,0.9958188152479697
FreezerSmallTrain,CBoss,10,28,2850,2,SENSOR,1,True,301,0.8334114888644037
FreezerSmallTrain,PForest,30,28,2850,2,SENSOR,1,True,301,0.7128048780440122
FreezerSmallTrain,PForest,100,28,2850,2,SENSOR,1,True,301,0.5493340581469242
FreezerSmallTrain,PForest,10,28,2850,2,SENSOR,1,True,301,0.8404542228540921
FreezerSmallTrain,PForest,20,28,2850,2,SENSOR,1,True,301,0.7216000000077825
Ham,TSF,10,109,105,2,SPECTRO,1,True,431,0.8392523364504323
Ham,TSF,20,109,105,2,SPECTRO,1,True,431,0.7787234042629244
Ham,TSF,100,109,105,2,SPECTRO,1,True,431,0.640625000064087
Ham,TSF,30,109,105,2,SPECTRO,1,True,431,0.7176470588048444
Ham,ST,30,109,105,2,SPECTRO,1,True,431,0.6347826086854442
Ham,ST,10,109,105,2,SPECTRO,1,True,431,0.8325581395341266
Ham,ST,20,109,105,2,SPECTRO,1,True,431,0.71199999999776
Ham,ST,100,109,105,2,SPECTRO,1,True,431,0.6153846153784024
Ham,WEASEL,20,109,105,2,SPECTRO,1,True,431,0.7166666666690973
Ham,WEASEL,10,109,105,2,SPECTRO,1,True,431,0.8341463414642475
Ham,WEASEL,100,109,105,2,SPECTRO,1,True,431,0.4788732394157905
Ham,WEASEL,30,109,105,2,SPECTRO,1,True,431,0.6210526315750693
Ham,CBoss,20,109,105,2,SPECTRO,1,True,431,0.7135135135073776
Ham,CBoss,30,109,105,2,SPECTRO,1,True,431,0.6210526315750693
Ham,CBoss,100,109,105,2,SPECTRO,1,True,431,0.5000000000375001
Ham,CBoss,10,109,105,2,SPECTRO,1,True,431,0.8325581395341266
Ham,PForest,100,109,105,2,SPECTRO,1,True,431,0.5441176471042388
Ham,PForest,10,109,105,2,SPECTRO,1,True,431,0.8330708661396491
Ham,PForest,30,109,105,2,SPECTRO,1,True,431,0.6236686390426666
Ham,PForest,20,109,105,2,SPECTRO,1,True,431,0.7183098591532633
HouseTwenty,TSF,10,34,101,2,DEVICE,1,True,3000,0.8795986622078903
HouseTwenty,TSF,20,34,101,2,DEVICE,1,True,3000,0.8993710691334362
HouseTwenty,TSF,100,34,101,2,DEVICE,1,True,3000,0.6879432623826167
HouseTwenty,TSF,30,34,101,2,DEVICE,1,True,3000,0.8586723768618756
HouseTwenty,ST,20,34,101,2,DEVICE,1,True,3000,0.7874015748042563
HouseTwenty,ST,30,34,101,2,DEVICE,1,True,3000,0.7915904936408363
HouseTwenty,ST,10,34,101,2,DEVICE,1,True,3000,0.8433515482710023
HouseTwenty,ST,100,34,101,2,DEVICE,1,True,3000,0.7246376812281559
HouseTwenty,WEASEL,30,34,101,2,DEVICE,1,True,3000,0.8901601830080359
HouseTwenty,WEASEL,20,34,101,2,DEVICE,1,True,3000,0.9194630872065133
HouseTwenty,WEASEL,10,34,101,2,DEVICE,1,True,3000,0.8918918919018262
HouseTwenty,WEASEL,100,34,101,2,DEVICE,1,True,3000,0.9349593495525943
HouseTwenty,PForest,100,34,101,2,DEVICE,1,True,3000,0.8167938931866325
HouseTwenty,PForest,20,34,101,2,DEVICE,1,True,3000,0.7737226277299349
HouseTwenty,PForest,10,34,101,2,DEVICE,1,True,3000,0.8611825192806775
HouseTwenty,PForest,30,34,101,2,DEVICE,1,True,3000,0.7117903929967621
HouseTwenty,CBoss,10,34,101,2,DEVICE,1,True,3000,0.8322056833538816
HouseTwenty,CBoss,100,34,101,2,DEVICE,1,True,3000,0.950819672195109
HouseTwenty,CBoss,20,34,101,2,DEVICE,1,True,3000,0.7911646586153449
HouseTwenty,CBoss,30,34,101,2,DEVICE,1,True,3000,0.8143133462402605
InsectEPGRegularTrain,TSF,30,62,249,3,EPG,1,False,601,1.0
InsectEPGRegularTrain,TSF,10,62,249,3,EPG,1,False,601,1.0
InsectEPGRegularTrain,TSF,20,62,249,3,EPG,1,False,601,1.0
InsectEPGRegularTrain,TSF,100,62,249,3,EPG,1,False,601,1.0
InsectEPGRegularTrain,ST,20,62,249,3,EPG,1,False,601,0.6963249516386975
InsectEPGRegularTrain,ST,100,62,249,3,EPG,1,False,601,0.9761904761340138
InsectEPGRegularTrain,ST,30,62,249,3,EPG,1,False,601,0.5942782834842877
InsectEPGRegularTrain,ST,10,62,249,3,EPG,1,False,601,0.826933477556324
InsectEPGRegularTrain,CBoss,100,62,249,3,EPG,1,False,601,1.0
InsectEPGRegularTrain,CBoss,20,62,249,3,EPG,1,False,601,0.9223300970670374
InsectEPGRegularTrain,CBoss,30,62,249,3,EPG,1,False,601,1.0
InsectEPGRegularTrain,CBoss,10,62,249,3,EPG,1,False,601,0.9561128526635981
InsectEPGRegularTrain,PForest,10,62,249,3,EPG,1,False,601,1.0
InsectEPGRegularTrain,PForest,20,62,249,3,EPG,1,False,601,0.992125984169375
InsectEPGRegularTrain,PForest,30,62,249,3,EPG,1,False,601,1.0
InsectEPGRegularTrain,PForest,100,62,249,3,EPG,1,False,601,1.0
InsectEPGRegularTrain,WEASEL,100,62,249,3,EPG,1,False,601,1.0
InsectEPGRegularTrain,WEASEL,30,62,249,3,EPG,1,False,601,1.0
InsectEPGRegularTrain,WEASEL,10,62,249,3,EPG,1,False,601,1.0
InsectEPGRegularTrain,WEASEL,20,62,249,3,EPG,1,False,601,1.0
InsectEPGSmallTrain,TSF,100,17,249,3,EPG,1,False,601,1.0
InsectEPGSmallTrain,TSF,10,17,249,3,EPG,1,False,601,1.0
InsectEPGSmallTrain,TSF,20,17,249,3,EPG,1,False,601,1.0
InsectEPGSmallTrain,TSF,30,17,249,3,EPG,1,False,601,1.0
InsectEPGSmallTrain,ST,20,17,249,3,EPG,1,False,601,0.6958614051985045
InsectEPGSmallTrain,ST,10,17,249,3,EPG,1,False,601,0.826933477556324
InsectEPGSmallTrain,ST,100,17,249,3,EPG,1,False,601,0.9453124999984803
InsectEPGSmallTrain,ST,30,17,249,3,EPG,1,False,601,0.5934397928258788
InsectEPGSmallTrain,PForest,20,17,249,3,EPG,1,False,601,0.877437325861629
InsectEPGSmallTrain,PForest,30,17,249,3,EPG,1,False,601,0.9768339767805252
InsectEPGSmallTrain,PForest,10,17,249,3,EPG,1,False,601,0.992277992198557
InsectEPGSmallTrain,PForest,100,17,249,3,EPG,1,False,601,1.0
InsectEPGSmallTrain,CBoss,100,17,249,3,EPG,1,False,601,1.0
InsectEPGSmallTrain,CBoss,20,17,249,3,EPG,1,False,601,1.0
InsectEPGSmallTrain,CBoss,30,17,249,3,EPG,1,False,601,0.9229871645689185
InsectEPGSmallTrain,CBoss,10,17,249,3,EPG,1,False,601,0.9084967320247256
InsectEPGSmallTrain,WEASEL,10,17,249,3,EPG,1,False,601,1.0
InsectEPGSmallTrain,WEASEL,20,17,249,3,EPG,1,False,601,1.0
InsectEPGSmallTrain,WEASEL,30,17,249,3,EPG,1,False,601,1.0
InsectEPGSmallTrain,WEASEL,100,17,249,3,EPG,1,False,601,1.0
ItalyPowerDemand,TSF,30,67,1029,2,SENSOR,1,True,24,0.7243584461172572
ItalyPowerDemand,TSF,100,67,1029,2,SENSOR,1,True,24,0.9269662922008681
ItalyPowerDemand,TSF,10,67,1029,2,SENSOR,1,True,24,0.8252068297765733
ItalyPowerDemand,TSF,20,67,1029,2,SENSOR,1,True,24,0.7287683414834769
ItalyPowerDemand,ST,10,67,1029,2,SENSOR,1,True,24,0.8046663049381471
ItalyPowerDemand,ST,100,67,1029,2,SENSOR,1,True,24,0.91441860469515
ItalyPowerDemand,ST,20,67,1029,2,SENSOR,1,True,24,0.6674259680994235
ItalyPowerDemand,ST,30,67,1029,2,SENSOR,1,True,24,0.6708617094167626
ItalyPowerDemand,CBoss,100,67,1029,2,SENSOR,1,True,24,0.7989510489672459
ItalyPowerDemand,CBoss,20,67,1029,2,SENSOR,1,True,24,0.6640102008351331
ItalyPowerDemand,CBoss,30,67,1029,2,SENSOR,1,True,24,0.7485131690531643
ItalyPowerDemand,WEASEL,20,67,1029,2,SENSOR,1,True,24,0.6669912366008882
ItalyPowerDemand,WEASEL,10,67,1029,2,SENSOR,1,True,24,0.8065610859692735
ItalyPowerDemand,WEASEL,100,67,1029,2,SENSOR,1,True,24,0.865820489535152
ItalyPowerDemand,WEASEL,30,67,1029,2,SENSOR,1,True,24,0.5873270363556014
ItalyPowerDemand,CBoss,10,67,1029,2,SENSOR,1,True,24,0.8065610859692735
ItalyPowerDemand,PForest,10,67,1029,2,SENSOR,1,True,24,0.8098506257588508
ItalyPowerDemand,PForest,30,67,1029,2,SENSOR,1,True,24,0.6003769344913452
ItalyPowerDemand,PForest,20,67,1029,2,SENSOR,1,True,24,0.7267518730668411
ItalyPowerDemand,PForest,100,67,1029,2,SENSOR,1,True,24,0.9215686275074971
LargeKitchenAppliances,TSF,30,375,375,3,DEVICE,1,True,720,0.6173913043478261
LargeKitchenAppliances,TSF,20,375,375,3,DEVICE,1,True,720,0.711111111111111
LargeKitchenAppliances,TSF,10,375,375,3,DEVICE,1,True,720,0.833112582781457
LargeKitchenAppliances,TSF,100,375,375,3,DEVICE,1,True,720,0.39925373137591547
LargeKitchenAppliances,ST,30,375,375,3,DEVICE,1,True,720,0.5893408134575968
LargeKitchenAppliances,ST,10,375,375,3,DEVICE,1,True,720,0.8266429840130265
LargeKitchenAppliances,ST,100,375,375,3,DEVICE,1,True,720,0.5000000000375001
LargeKitchenAppliances,ST,20,375,375,3,DEVICE,1,True,720,0.6934579439252336
LargeKitchenAppliances,CBoss,20,375,375,3,DEVICE,1,True,720,0.7153846153901627
LargeKitchenAppliances,CBoss,100,375,375,3,DEVICE,1,True,720,0.6268980477664561
LargeKitchenAppliances,CBoss,30,375,375,3,DEVICE,1,True,720,0.6307692307692307
LargeKitchenAppliances,CBoss,10,375,375,3,DEVICE,1,True,720,0.8344827586206897
LargeKitchenAppliances,WEASEL,30,375,375,3,DEVICE,1,True,720,0.5856946354946937
LargeKitchenAppliances,WEASEL,20,375,375,3,DEVICE,1,True,720,0.6909090909090909
LargeKitchenAppliances,WEASEL,10,375,375,3,DEVICE,1,True,720,0.8249584026632678
LargeKitchenAppliances,WEASEL,100,375,375,3,DEVICE,1,True,720,0.524390243902439
LargeKitchenAppliances,PForest,100,375,375,3,DEVICE,1,True,720,0.2755102040816326
LargeKitchenAppliances,PForest,20,375,375,3,DEVICE,1,True,720,0.6967741935444849
LargeKitchenAppliances,PForest,10,375,375,3,DEVICE,1,True,720,0.8281425891168789
LargeKitchenAppliances,PForest,30,375,375,3,DEVICE,1,True,720,0.6017937219730942
Libras,PForest,10,180,180,15,HAR,2,True,45,0.8033190578153465
Libras,PForest,30,180,180,15,HAR,2,True,45,0.5147058823482697
Libras,PForest,20,180,180,15,HAR,2,True,45,0.6423440453655068
Libras,PForest,100,180,180,15,HAR,2,True,45,0.03448275863852557
Libras,TSF,20,180,180,15,HAR,2,True,45,0.7120418848087936
Libras,TSF,10,180,180,15,HAR,2,True,45,0.8133027522920503
Libras,TSF,100,180,180,15,HAR,2,True,45,0.6744186047134668
Libras,TSF,30,180,180,15,HAR,2,True,45,0.6797227036454025
Libras,CBoss,20,180,180,15,HAR,2,True,45,0.6455795677808014
Libras,CBoss,100,180,180,15,HAR,2,True,45,0.7061611374731027
Libras,CBoss,10,180,180,15,HAR,2,True,45,0.8028301886792453
Libras,CBoss,30,180,180,15,HAR,2,True,45,0.5459033613402121
Libras,WEASEL,20,180,180,15,HAR,2,True,45,0.658663646660234
Libras,WEASEL,100,180,180,15,HAR,2,True,45,0.7647058824048443
Libras,WEASEL,30,180,180,15,HAR,2,True,45,0.5844139650903293
Libras,WEASEL,10,180,180,15,HAR,2,True,45,0.8047781569957413
Libras,ST,100,180,180,15,HAR,2,True,45,0.7647058824048443
Libras,ST,10,180,180,15,HAR,2,True,45,0.8038293216619768
Libras,ST,20,180,180,15,HAR,2,True,45,0.6486266531045499
Libras,ST,30,180,180,15,HAR,2,True,45,0.5396130346252508
Lightning2,TSF,10,60,61,2,SENSOR,1,False,637,0.8357771261024346
Lightning2,TSF,30,60,61,2,SENSOR,1,False,637,0.7024793388496415
Lightning2,TSF,100,60,61,2,SENSOR,1,False,637,0.5443037974839929
Lightning2,TSF,20,60,61,2,SENSOR,1,False,637,0.7426900584807838
Lightning2,ST,10,60,61,2,SENSOR,1,False,637,0.8357771261024346
Lightning2,ST,100,60,61,2,SENSOR,1,False,637,0.5443037974839929
Lightning2,ST,30,60,61,2,SENSOR,1,False,637,0.622718052741499
Lightning2,ST,20,60,61,2,SENSOR,1,False,637,0.7079646017637011
Lightning2,CBoss,30,60,61,2,SENSOR,1,False,637,0.637149028091071
Lightning2,CBoss,10,60,61,2,SENSOR,1,False,637,0.8357771261024346
Lightning2,CBoss,100,60,61,2,SENSOR,1,False,637,0.5844155843744309
Lightning2,CBoss,20,60,61,2,SENSOR,1,False,637,0.7244897959221783
Lightning2,WEASEL,30,60,61,2,SENSOR,1,False,637,0.6658595641755923
Lightning2,WEASEL,100,60,61,2,SENSOR,1,False,637,0.506172839459686
Lightning2,WEASEL,10,60,61,2,SENSOR,1,False,637,0.8357771261024346
Lightning2,WEASEL,20,60,61,2,SENSOR,1,False,637,0.7311827956932824
Lightning2,PForest,100,60,61,2,SENSOR,1,False,637,0.7183098591984924
Lightning2,PForest,10,60,61,2,SENSOR,1,False,637,0.8304239401487155
Lightning2,PForest,20,60,61,2,SENSOR,1,False,637,0.7311827956932824
Lightning2,PForest,30,60,61,2,SENSOR,1,False,637,0.637149028091071
Lightning7,TSF,100,70,73,7,SENSOR,1,False,319,0.5869565217425803
Lightning7,TSF,10,70,73,7,SENSOR,1,False,319,0.8238172920064476
Lightning7,TSF,20,70,73,7,SENSOR,1,False,319,0.715415019768092
Lightning7,TSF,30,70,73,7,SENSOR,1,False,319,0.6393442623016214
Lightning7,ST,100,70,73,7,SENSOR,1,False,319,0.5368421052793353
Lightning7,ST,10,70,73,7,SENSOR,1,False,319,0.8207681365582602
Lightning7,ST,30,70,73,7,SENSOR,1,False,319,0.5731225296438126
Lightning7,ST,20,70,73,7,SENSOR,1,False,319,0.6743002544506576
Lightning7,WEASEL,30,70,73,7,SENSOR,1,False,319,0.5686777920365311
Lightning7,WEASEL,100,70,73,7,SENSOR,1,False,319,0.5698924731672332
Lightning7,WEASEL,20,70,73,7,SENSOR,1,False,319,0.6863905325406725
Lightning7,WEASEL,10,70,73,7,SENSOR,1,False,319,0.8259325044409118
Lightning7,CBoss,10,70,73,7,SENSOR,1,False,319,0.8273921200750983
Lightning7,CBoss,30,70,73,7,SENSOR,1,False,319,0.6089030206717121
Lightning7,CBoss,20,70,73,7,SENSOR,1,False,319,0.6948051948095042
Lightning7,CBoss,100,70,73,7,SENSOR,1,False,319,0.5869565217425803
Lightning7,PForest,10,70,73,7,SENSOR,1,False,319,0.8213762811117364
Lightning7,PForest,20,70,73,7,SENSOR,1,False,319,0.679347826085555
Lightning7,PForest,100,70,73,7,SENSOR,1,False,319,0.17741935482921434
Lightning7,PForest,30,70,73,7,SENSOR,1,False,319,0.5624227441259437
Meat,TSF,10,60,60,3,SPECTRO,1,True,448,0.8666666666666667
Meat,TSF,30,60,60,3,SPECTRO,1,True,448,0.8
Meat,TSF,20,60,60,3,SPECTRO,1,True,448,0.8181818181619835
Meat,TSF,100,60,60,3,SPECTRO,1,True,448,0.8749999999414062
Meat,ST,30,60,60,3,SPECTRO,1,True,448,0.7724137931291319
Meat,ST,100,60,60,3,SPECTRO,1,True,448,0.9354838710301769
Meat,ST,20,60,60,3,SPECTRO,1,True,448,0.8999999999625
Meat,ST,10,60,60,3,SPECTRO,1,True,448,0.8571428571428571
Meat,WEASEL,30,60,60,3,SPECTRO,1,True,448,0.5862068965453032
Meat,WEASEL,100,60,60,3,SPECTRO,1,True,448,0.7391304347826086
Meat,WEASEL,10,60,60,3,SPECTRO,1,True,448,0.8428571428540816
Meat,WEASEL,20,60,60,3,SPECTRO,1,True,448,0.7142857142857142
Meat,CBoss,10,60,60,3,SPECTRO,1,True,448,0.88
Meat,CBoss,20,60,60,3,SPECTRO,1,True,448,0.750000000009375
Meat,CBoss,30,60,60,3,SPECTRO,1,True,448,0.815384615416568
Meat,CBoss,100,60,60,3,SPECTRO,1,True,448,0.7910447760659391
Meat,PForest,20,60,60,3,SPECTRO,1,True,448,0.7
Meat,PForest,30,60,60,3,SPECTRO,1,True,448,0.5862068965453032
Meat,PForest,10,60,60,3,SPECTRO,1,True,448,0.8363636363636363
Meat,PForest,100,60,60,3,SPECTRO,1,True,448,0.4814814814814815
MoteStrain,TSF,10,20,1252,2,SENSOR,1,True,84,0.8877980364488913
MoteStrain,TSF,30,20,1252,2,SENSOR,1,True,84,0.8325224826243378
MoteStrain,TSF,20,20,1252,2,SENSOR,1,True,84,0.8454991344836582
MoteStrain,TSF,100,20,1252,2,SENSOR,1,True,84,0.7733711047475416
MoteStrain,ST,20,20,1252,2,SENSOR,1,True,84,0.7001697645130118
MoteStrain,ST,30,20,1252,2,SENSOR,1,True,84,0.7043403523772764
MoteStrain,ST,100,20,1252,2,SENSOR,1,True,84,0.8479704797167988
MoteStrain,ST,10,20,1252,2,SENSOR,1,True,84,0.8360702967412326
MoteStrain,PForest,10,20,1252,2,SENSOR,1,True,84,0.8298024279924836
MoteStrain,PForest,20,20,1252,2,SENSOR,1,True,84,0.7849031396340024
MoteStrain,PForest,30,20,1252,2,SENSOR,1,True,84,0.7423356793344206
MoteStrain,PForest,100,20,1252,2,SENSOR,1,True,84,0.8053352560105668
MoteStrain,WEASEL,30,20,1252,2,SENSOR,1,True,84,0.7627544608849082
MoteStrain,WEASEL,100,20,1252,2,SENSOR,1,True,84,0.9099923723060317
MoteStrain,WEASEL,10,20,1252,2,SENSOR,1,True,84,0.8458440131852076
MoteStrain,WEASEL,20,20,1252,2,SENSOR,1,True,84,0.7849031396340024
MoteStrain,CBoss,100,20,1252,2,SENSOR,1,True,84,0.8955336865763791
MoteStrain,CBoss,20,20,1252,2,SENSOR,1,True,84,0.7643758765889226
MoteStrain,CBoss,30,20,1252,2,SENSOR,1,True,84,0.6518255485668337
MoteStrain,CBoss,10,20,1252,2,SENSOR,1,True,84,0.8314889336000257
OliveOil,TSF,100,30,30,4,SPECTRO,1,False,570,0.7647058824048443
OliveOil,TSF,20,30,30,4,SPECTRO,1,False,570,0.8
OliveOil,TSF,10,30,30,4,SPECTRO,1,False,570,0.8545454545404958
OliveOil,TSF,30,30,30,4,SPECTRO,1,False,570,0.8500000000000001
OliveOil,ST,30,30,30,4,SPECTRO,1,False,570,0.8500000000000001
OliveOil,ST,10,30,30,4,SPECTRO,1,False,570,0.8461538461573964
OliveOil,ST,100,30,30,4,SPECTRO,1,False,570,0.8181818181818182
OliveOil,ST,20,30,30,4,SPECTRO,1,False,570,0.8999999999625
OliveOil,WEASEL,30,30,30,4,SPECTRO,1,False,570,0.5800000000000001
OliveOil,WEASEL,100,30,30,4,SPECTRO,1,False,570,0.8181818181818182
OliveOil,WEASEL,20,30,30,4,SPECTRO,1,False,570,0.6774193548412071
OliveOil,WEASEL,10,30,30,4,SPECTRO,1,False,570,0.8206896551717003
OliveOil,CBoss,30,30,30,4,SPECTRO,1,False,570,0.8909090908644628
OliveOil,CBoss,100,30,30,4,SPECTRO,1,False,570,0.7647058824048443
OliveOil,CBoss,20,30,30,4,SPECTRO,1,False,570,0.840000000024
OliveOil,CBoss,10,30,30,4,SPECTRO,1,False,570,0.827272727273967
OliveOil,PForest,10,30,30,4,SPECTRO,1,False,570,0.8222222222222222
OliveOil,PForest,100,30,30,4,SPECTRO,1,False,570,0.3953488372417523
OliveOil,PForest,30,30,30,4,SPECTRO,1,False,570,0.6
OliveOil,PForest,20,30,30,4,SPECTRO,1,False,570,0.6799999999999999
Phoneme,TSF,30,214,1896,39,SOUND,1,False,1024,0.5629177009701691
Phoneme,TSF,20,214,1896,39,SOUND,1,False,1024,0.6783794956582294
Phoneme,TSF,100,214,1896,39,SOUND,1,False,1024,0.11007025761930034
Phoneme,TSF,10,214,1896,39,SOUND,1,False,1024,0.820646847434966
Phoneme,ST,100,214,1896,39,SOUND,1,False,1024,0.1606978879859633
Phoneme,ST,20,214,1896,39,SOUND,1,False,1024,0.6804583068083877
Phoneme,ST,30,214,1896,39,SOUND,1,False,1024,0.5679692883116787
Phoneme,ST,10,214,1896,39,SOUND,1,False,1024,0.8218735579132384
Phoneme,CBoss,10,214,1896,39,SOUND,1,False,1024,0.8215258855574393
Phoneme,CBoss,30,214,1896,39,SOUND,1,False,1024,0.5716872924872627
Phoneme,CBoss,20,214,1896,39,SOUND,1,False,1024,0.6815834767641645
Phoneme,CBoss,100,214,1896,39,SOUND,1,False,1024,0.18648310390717304
Phoneme,PForest,100,214,1896,39,SOUND,1,False,1024,0.008510638282208327
Phoneme,PForest,30,214,1896,39,SOUND,1,False,1024,0.5399376742694293
Phoneme,PForest,10,214,1896,39,SOUND,1,False,1024,0.8184202856305174
Phoneme,PForest,20,214,1896,39,SOUND,1,False,1024,0.6674373110457017
Phoneme,WEASEL,100,214,1896,39,SOUND,1,False,1024,0.17837165939235056
Phoneme,WEASEL,10,214,1896,39,SOUND,1,False,1024,0.8225365505760815
Phoneme,WEASEL,30,214,1896,39,SOUND,1,False,1024,0.5759356634743791
Phoneme,WEASEL,20,214,1896,39,SOUND,1,False,1024,0.6835150313846502
Plane,TSF,10,105,105,7,SENSOR,1,False,144,0.9076923077005917
Plane,TSF,30,105,105,7,SENSOR,1,False,144,0.9321477428105043
Plane,TSF,100,105,105,7,SENSOR,1,False,144,0.981132075518423
Plane,TSF,20,105,105,7,SENSOR,1,False,144,0.965217391383743
Plane,ST,20,105,105,7,SENSOR,1,False,144,0.719999999994
Plane,ST,10,105,105,7,SENSOR,1,False,144,0.8234636871503136
Plane,ST,100,105,105,7,SENSOR,1,False,144,1.0
Plane,ST,30,105,105,7,SENSOR,1,False,144,0.6581667815108087
Plane,WEASEL,20,105,105,7,SENSOR,1,False,144,0.6770642201831327
Plane,WEASEL,30,105,105,7,SENSOR,1,False,144,0.8329966329813806
Plane,WEASEL,100,105,105,7,SENSOR,1,False,144,1.0
Plane,WEASEL,10,105,105,7,SENSOR,1,False,144,0.8213197969542065
Plane,CBoss,30,105,105,7,SENSOR,1,False,144,0.6028713417951879
Plane,CBoss,20,105,105,7,SENSOR,1,False,144,0.6770642201831327
Plane,CBoss,100,105,105,7,SENSOR,1,False,144,1.0
Plane,CBoss,10,105,105,7,SENSOR,1,False,144,0.8232044198896309
Plane,PForest,10,105,105,7,SENSOR,1,False,144,0.8267515923573694
Plane,PForest,20,105,105,7,SENSOR,1,False,144,0.6884210526278559
Plane,PForest,100,105,105,7,SENSOR,1,False,144,1.0
Plane,PForest,30,105,105,7,SENSOR,1,False,144,0.6215439856416795
PowerCons,TSF,100,180,180,2,DEVICE,1,True,144,0.9889502761551846
PowerCons,TSF,20,180,180,2,DEVICE,1,True,144,0.7846153846295858
PowerCons,TSF,10,180,180,2,DEVICE,1,True,144,0.8580645161365245
PowerCons,TSF,30,180,180,2,DEVICE,1,True,144,0.752801724105793
PowerCons,ST,30,180,180,2,DEVICE,1,True,144,0.6761986301319143
PowerCons,ST,20,180,180,2,DEVICE,1,True,144,0.7152000000073728
PowerCons,ST,10,180,180,2,DEVICE,1,True,144,0.8367346938805498
PowerCons,ST,100,180,180,2,DEVICE,1,True,144,0.8848167539464379
PowerCons,CBoss,30,180,180,2,DEVICE,1,True,144,0.7373966942001076
PowerCons,CBoss,10,180,180,2,DEVICE,1,True,144,0.8382978723420552
PowerCons,CBoss,20,180,180,2,DEVICE,1,True,144,0.7548387096674297
PowerCons,CBoss,100,180,180,2,DEVICE,1,True,144,0.8556701030545224
PowerCons,WEASEL,30,180,180,2,DEVICE,1,True,144,0.6528391167364568
PowerCons,WEASEL,100,180,180,2,DEVICE,1,True,144,0.9251336898189826
PowerCons,WEASEL,10,180,180,2,DEVICE,1,True,144,0.8356435643571414
PowerCons,WEASEL,20,180,180,2,DEVICE,1,True,144,0.72521739130217
PowerCons,PForest,30,180,180,2,DEVICE,1,True,144,0.6867021276432606
PowerCons,PForest,100,180,180,2,DEVICE,1,True,144,0.9889502761551846
PowerCons,PForest,10,180,180,2,DEVICE,1,True,144,0.8439024390201071
PowerCons,PForest,20,180,180,2,DEVICE,1,True,144,0.738461538456213
RefrigerationDevices,TSF,100,375,375,3,DEVICE,1,True,720,0.4150943396560164
RefrigerationDevices,TSF,10,375,375,3,DEVICE,1,True,720,0.8349650349650349
RefrigerationDevices,TSF,20,375,375,3,DEVICE,1,True,720,0.7204819277108434
RefrigerationDevices,TSF,30,375,375,3,DEVICE,1,True,720,0.6347826086854442
RefrigerationDevices,ST,100,375,375,3,DEVICE,1,True,720,0.38888888888888895
RefrigerationDevices,ST,30,375,375,3,DEVICE,1,True,720,0.6307692307692307
RefrigerationDevices,ST,10,375,375,3,DEVICE,1,True,720,0.8338600451448159
RefrigerationDevices,ST,20,375,375,3,DEVICE,1,True,720,0.7102941176521276
RefrigerationDevices,CBoss,20,375,375,3,DEVICE,1,True,720,0.7090909090958677
RefrigerationDevices,CBoss,100,375,375,3,DEVICE,1,True,720,0.37362637362637363
RefrigerationDevices,CBoss,10,375,375,3,DEVICE,1,True,720,0.8346420323345636
RefrigerationDevices,CBoss,30,375,375,3,DEVICE,1,True,720,0.6276559864996772
RefrigerationDevices,WEASEL,30,375,375,3,DEVICE,1,True,720,0.611930926224958
RefrigerationDevices,WEASEL,100,375,375,3,DEVICE,1,True,720,0.33689839572192515
RefrigerationDevices,WEASEL,10,375,375,3,DEVICE,1,True,720,0.8279329608938547
RefrigerationDevices,WEASEL,20,375,375,3,DEVICE,1,True,720,0.7023890785026616
RefrigerationDevices,PForest,30,375,375,3,DEVICE,1,True,720,0.6224052718378256
RefrigerationDevices,PForest,20,375,375,3,DEVICE,1,True,720,0.7041666666666666
RefrigerationDevices,PForest,10,375,375,3,DEVICE,1,True,720,0.8285714285714285
RefrigerationDevices,PForest,100,375,375,3,DEVICE,1,True,720,0.2998266897465376
Rock,TSF,10,20,50,4,SPECTRO,1,True,2844,0.832258064516129
Rock,TSF,30,20,50,4,SPECTRO,1,True,2844,0.6647058823529413
Rock,TSF,100,20,50,4,SPECTRO,1,True,2844,0.5873015873015872
Rock,TSF,20,20,50,4,SPECTRO,1,True,2844,0.725
Rock,ST,30,20,50,4,SPECTRO,1,True,2844,0.5800000000000001
Rock,ST,20,20,50,4,SPECTRO,1,True,2844,0.6833333333333333
Rock,ST,100,20,50,4,SPECTRO,1,True,2844,0.7857142857142858
Rock,ST,10,20,50,4,SPECTRO,1,True,2844,0.8238095238095238
Rock,PForest,10,20,50,4,SPECTRO,1,True,2844,0.825
Rock,PForest,20,20,50,4,SPECTRO,1,True,2844,0.6888888888888889
Rock,PForest,100,20,50,4,SPECTRO,1,True,2844,0.2987012987012987
Rock,PForest,30,20,50,4,SPECTRO,1,True,2844,0.573076923076923
Rock,WEASEL,20,20,50,4,SPECTRO,1,True,2844,0.7025641025641025
Rock,WEASEL,30,20,50,4,SPECTRO,1,True,2844,0.5607142857142857
Rock,WEASEL,10,20,50,4,SPECTRO,1,True,2844,0.8232558139534883
Rock,WEASEL,100,20,50,4,SPECTRO,1,True,2844,0.6666666666666667
Rock,CBoss,10,20,50,4,SPECTRO,1,True,2844,0.8303030303030303
Rock,CBoss,100,20,50,4,SPECTRO,1,True,2844,0.8181818181818182
Rock,CBoss,20,20,50,4,SPECTRO,1,True,2844,0.7052631578947368
Rock,CBoss,30,20,50,4,SPECTRO,1,True,2844,0.6499999999999999
SonyAIBORobotSurface1,TSF,10,20,601,2,SENSOR,1,False,70,0.8504829903433948
SonyAIBORobotSurface1,TSF,30,20,601,2,SENSOR,1,False,70,0.7305224564558015
SonyAIBORobotSurface1,TSF,100,20,601,2,SENSOR,1,False,70,0.5312101910710991
SonyAIBORobotSurface1,TSF,20,20,601,2,SENSOR,1,False,70,0.7833714721736937
SonyAIBORobotSurface1,PForest,10,20,601,2,SENSOR,1,False,70,0.8603716725269751
SonyAIBORobotSurface1,PForest,30,20,601,2,SENSOR,1,False,70,0.8140068886109388
SonyAIBORobotSurface1,PForest,20,20,601,2,SENSOR,1,False,70,0.820348304283637
SonyAIBORobotSurface1,PForest,100,20,601,2,SENSOR,1,False,70,0.7025495751224287
SonyAIBORobotSurface1,ST,100,20,601,2,SENSOR,1,False,70,0.878125000038443
SonyAIBORobotSurface1,ST,30,20,601,2,SENSOR,1,False,70,0.7010854439368311
SonyAIBORobotSurface1,ST,10,20,601,2,SENSOR,1,False,70,0.8298189034983203
SonyAIBORobotSurface1,ST,20,20,601,2,SENSOR,1,False,70,0.7520556609797896
SonyAIBORobotSurface1,WEASEL,10,20,601,2,SENSOR,1,False,70,0.833103828145258
SonyAIBORobotSurface1,WEASEL,30,20,601,2,SENSOR,1,False,70,0.8270825108460694
SonyAIBORobotSurface1,WEASEL,100,20,601,2,SENSOR,1,False,70,0.714693295265288
SonyAIBORobotSurface1,WEASEL,20,20,601,2,SENSOR,1,False,70,0.8624454148311169
SonyAIBORobotSurface1,CBoss,100,20,601,2,SENSOR,1,False,70,0.30510314871805666
SonyAIBORobotSurface1,CBoss,20,20,601,2,SENSOR,1,False,70,0.8010033444750508
SonyAIBORobotSurface1,CBoss,10,20,601,2,SENSOR,1,False,70,0.8334725703165677
SonyAIBORobotSurface1,CBoss,30,20,601,2,SENSOR,1,False,70,0.6111653328104967
SonyAIBORobotSurface2,TSF,20,27,953,2,SENSOR,1,True,65,0.7916551255446199
SonyAIBORobotSurface2,TSF,30,27,953,2,SENSOR,1,True,65,0.7496007665238329
SonyAIBORobotSurface2,TSF,100,27,953,2,SENSOR,1,True,65,0.6416881998466827
SonyAIBORobotSurface2,TSF,10,27,953,2,SENSOR,1,True,65,0.8575309387307797
SonyAIBORobotSurface2,ST,10,27,953,2,SENSOR,1,True,65,0.8414077775379276
SonyAIBORobotSurface2,ST,30,27,953,2,SENSOR,1,True,65,0.6561855044488893
SonyAIBORobotSurface2,ST,100,27,953,2,SENSOR,1,True,65,0.8415458936411631
SonyAIBORobotSurface2,ST,20,27,953,2,SENSOR,1,True,65,0.7287349813362295
SonyAIBORobotSurface2,PForest,30,27,953,2,SENSOR,1,True,65,0.7148883555275414
SonyAIBORobotSurface2,PForest,20,27,953,2,SENSOR,1,True,65,0.7258951972632148
SonyAIBORobotSurface2,PForest,100,27,953,2,SENSOR,1,True,65,0.7863167760719524
SonyAIBORobotSurface2,PForest,10,27,953,2,SENSOR,1,True,65,0.8412286394120299
SonyAIBORobotSurface2,WEASEL,30,27,953,2,SENSOR,1,True,65,0.8630786679001471
SonyAIBORobotSurface2,WEASEL,100,27,953,2,SENSOR,1,True,65,0.8984063745203332
SonyAIBORobotSurface2,WEASEL,20,27,953,2,SENSOR,1,True,65,0.7781812180260936
SonyAIBORobotSurface2,WEASEL,10,27,953,2,SENSOR,1,True,65,0.8536448072005133
SonyAIBORobotSurface2,CBoss,10,27,953,2,SENSOR,1,True,65,0.8285628652775237
SonyAIBORobotSurface2,CBoss,100,27,953,2,SENSOR,1,True,65,0.8415458936411631
SonyAIBORobotSurface2,CBoss,30,27,953,2,SENSOR,1,True,65,0.8128828661196545
SonyAIBORobotSurface2,CBoss,20,27,953,2,SENSOR,1,True,65,0.7269152115830011
Strawberry,TSF,10,613,370,2,SPECTRO,1,True,235,0.8973684210551939
Strawberry,TSF,30,613,370,2,SPECTRO,1,True,235,0.924409448884965
Strawberry,TSF,20,613,370,2,SPECTRO,1,True,235,0.8792452830056959
Strawberry,TSF,100,613,370,2,SPECTRO,1,True,235,0.9023136245906386
Strawberry,ST,20,613,370,2,SPECTRO,1,True,235,0.7861635220254579
Strawberry,ST,10,613,370,2,SPECTRO,1,True,235,0.8556390977380859
Strawberry,ST,30,613,370,2,SPECTRO,1,True,235,0.7468750000126465
Strawberry,ST,100,613,370,2,SPECTRO,1,True,235,0.8877551019685809
Strawberry,WEASEL,20,613,370,2,SPECTRO,1,True,235,0.7436893203771893
Strawberry,WEASEL,100,613,370,2,SPECTRO,1,True,235,0.9321148825721084
Strawberry,WEASEL,30,613,370,2,SPECTRO,1,True,235,0.674074074056028
Strawberry,WEASEL,10,613,370,2,SPECTRO,1,True,235,0.8437869822443752
Strawberry,CBoss,30,613,370,2,SPECTRO,1,True,235,0.9370967742498569
Strawberry,CBoss,100,613,370,2,SPECTRO,1,True,235,0.9525065963524343
Strawberry,CBoss,10,613,370,2,SPECTRO,1,True,235,0.8437869822443752
Strawberry,CBoss,20,613,370,2,SPECTRO,1,True,235,0.7436893203771893
Strawberry,PForest,10,613,370,2,SPECTRO,1,True,235,0.8437869822443752
Strawberry,PForest,20,613,370,2,SPECTRO,1,True,235,0.7436893203771893
Strawberry,PForest,30,613,370,2,SPECTRO,1,True,235,0.674074074056028
Strawberry,PForest,100,613,370,2,SPECTRO,1,True,235,0.8546365914415112
Trace,TSF,20,100,100,4,SENSOR,1,True,275,0.763265306122449
Trace,TSF,30,100,100,4,SENSOR,1,True,275,0.6903225806451613
Trace,TSF,100,100,100,4,SENSOR,1,True,275,0.9801980198019802
Trace,TSF,10,100,100,4,SENSOR,1,True,275,0.8465116279069768
Trace,ST,30,100,100,4,SENSOR,1,True,275,0.5621621621621622
Trace,ST,100,100,100,4,SENSOR,1,True,275,1.0
Trace,ST,20,100,100,4,SENSOR,1,True,275,0.6816326530612244
Trace,ST,10,100,100,4,SENSOR,1,True,275,0.825
Trace,WEASEL,100,100,100,4,SENSOR,1,True,275,1.0
Trace,WEASEL,10,100,100,4,SENSOR,1,True,275,0.8232558139534883
Trace,WEASEL,20,100,100,4,SENSOR,1,True,275,0.6919540229885057
Trace,WEASEL,30,100,100,4,SENSOR,1,True,275,0.6
Trace,CBoss,10,100,100,4,SENSOR,1,True,275,0.8253164556962025
Trace,CBoss,20,100,100,4,SENSOR,1,True,275,0.7012658227848101
Trace,CBoss,100,100,100,4,SENSOR,1,True,275,1.0
Trace,CBoss,30,100,100,4,SENSOR,1,True,275,0.7
Trace,PForest,10,100,100,4,SENSOR,1,True,275,0.8344827586206897
Trace,PForest,100,100,100,4,SENSOR,1,True,275,0.3605442176870749
Trace,PForest,20,100,100,4,SENSOR,1,True,275,0.7142857142857142
Trace,PForest,30,100,100,4,SENSOR,1,True,275,0.6195121951219513
TwoLeadECG,TSF,20,23,1139,2,ECG,1,True,82,0.8151642126474089
TwoLeadECG,TSF,30,23,1139,2,ECG,1,True,82,0.9073935772733659
TwoLeadECG,TSF,10,23,1139,2,ECG,1,True,82,0.8549047963349845
TwoLeadECG,TSF,100,23,1139,2,ECG,1,True,82,0.5952380952172052
TwoLeadECG,ST,20,23,1139,2,ECG,1,True,82,0.707618237020417
TwoLeadECG,ST,10,23,1139,2,ECG,1,True,82,0.8333577390561053
TwoLeadECG,ST,100,23,1139,2,ECG,1,True,82,0.996494303145307
TwoLeadECG,ST,30,23,1139,2,ECG,1,True,82,0.6581331232721102
TwoLeadECG,CBoss,10,23,1139,2,ECG,1,True,82,0.8336534200020448
TwoLeadECG,CBoss,20,23,1139,2,ECG,1,True,82,0.7043022061709132
TwoLeadECG,CBoss,30,23,1139,2,ECG,1,True,82,0.6691542617220437
TwoLeadECG,CBoss,100,23,1139,2,ECG,1,True,82,0.9930008748949979
TwoLeadECG,PForest,20,23,1139,2,ECG,1,True,82,0.7419822957582111
TwoLeadECG,PForest,10,23,1139,2,ECG,1,True,82,0.8421149935301283
TwoLeadECG,PForest,100,23,1139,2,ECG,1,True,82,0.8935993350588064
TwoLeadECG,PForest,30,23,1139,2,ECG,1,True,82,0.6786206332140619
TwoLeadECG,WEASEL,20,23,1139,2,ECG,1,True,82,0.7095937770083873
TwoLeadECG,WEASEL,10,23,1139,2,ECG,1,True,82,0.8333577390561053
TwoLeadECG,WEASEL,30,23,1139,2,ECG,1,True,82,0.6657572869822799
TwoLeadECG,WEASEL,100,23,1139,2,ECG,1,True,82,0.996494303145307
Wafer,TSF,100,1000,6164,2,SENSOR,1,False,152,0.9890287188763843
Wafer,TSF,30,1000,6164,2,SENSOR,1,False,152,0.9891673746178216
Wafer,TSF,10,1000,6164,2,SENSOR,1,False,152,0.9919053549809509
Wafer,TSF,20,1000,6164,2,SENSOR,1,False,152,0.9852844703897556
Wafer,ST,20,1000,6164,2,SENSOR,1,False,152,1.0
Wafer,ST,100,1000,6164,2,SENSOR,1,False,152,1.0
Wafer,ST,10,1000,6164,2,SENSOR,1,False,152,0.933796396775532
Wafer,ST,30,1000,6164,2,SENSOR,1,False,152,0.9919965852426661
Wafer,WEASEL,20,1000,6164,2,SENSOR,1,False,152,0.8578847294419252
Wafer,WEASEL,30,1000,6164,2,SENSOR,1,False,152,0.841301407992295
Wafer,WEASEL,10,1000,6164,2,SENSOR,1,False,152,0.9895448953897364
Wafer,WEASEL,100,1000,6164,2,SENSOR,1,False,152,0.9993512812862579
Wafer,CBoss,100,1000,6164,2,SENSOR,1,False,152,0.9938541161583958
Wafer,CBoss,10,1000,6164,2,SENSOR,1,False,152,0.9188355504294811
Wafer,CBoss,20,1000,6164,2,SENSOR,1,False,152,0.9707209797351427
Wafer,CBoss,30,1000,6164,2,SENSOR,1,False,152,0.9763141491193159
Wafer,PForest,100,1000,6164,2,SENSOR,1,False,152,0.9896707553926817
Wafer,PForest,10,1000,6164,2,SENSOR,1,False,152,0.9226178635275343
Wafer,PForest,30,1000,6164,2,SENSOR,1,False,152,0.8616844208188716
Wafer,PForest,20,1000,6164,2,SENSOR,1,False,152,0.9299747657083615
Wine,TSF,100,57,54,2,SPECTRO,1,True,234,0.5652173912771266
Wine,TSF,30,57,54,2,SPECTRO,1,True,234,0.6544502617827691
Wine,TSF,20,57,54,2,SPECTRO,1,True,234,0.7317073170747769
Wine,TSF,10,57,54,2,SPECTRO,1,True,234,0.8461538461573964
Wine,ST,30,57,54,2,SPECTRO,1,True,234,0.6761363636159672
Wine,ST,20,57,54,2,SPECTRO,1,True,234,0.7278106508928679
Wine,ST,100,57,54,2,SPECTRO,1,True,234,0.6119402985603921
Wine,ST,10,57,54,2,SPECTRO,1,True,234,0.839416058394736
Wine,WEASEL,20,57,54,2,SPECTRO,1,True,234,0.7142857142857142
Wine,WEASEL,100,57,54,2,SPECTRO,1,True,234,0.661538461543574
Wine,WEASEL,30,57,54,2,SPECTRO,1,True,234,0.6479591836823251
Wine,WEASEL,10,57,54,2,SPECTRO,1,True,234,0.8333333333333333
Wine,CBoss,10,57,54,2,SPECTRO,1,True,234,0.8425196850366916
Wine,CBoss,20,57,54,2,SPECTRO,1,True,234,0.7206703910547112
Wine,CBoss,30,57,54,2,SPECTRO,1,True,234,0.7115384615264793
Wine,CBoss,100,57,54,2,SPECTRO,1,True,234,0.588235294066263
Wine,PForest,100,57,54,2,SPECTRO,1,True,234,0.4210526315864266
Wine,PForest,10,57,54,2,SPECTRO,1,True,234,0.8323353293422855
Wine,PForest,30,57,54,2,SPECTRO,1,True,234,0.7018633540353922
Wine,PForest,20,57,54,2,SPECTRO,1,True,234,0.724137931043044
